Total Nacional	Provincias	Tipo de dato	Periodo	Total
Total Nacional	34 Palencia	Dato base	2023SM44	27
Total Nacional	34 Palencia	Dato base	2023SM43	46
Total Nacional	34 Palencia	Dato base	2023SM42	53
Total Nacional	34 Palencia	Dato base	2023SM41	33
Total Nacional	34 Palencia	Dato base	2023SM40	31
Total Nacional	34 Palencia	Dato base	2023SM39	42
Total Nacional	34 Palencia	Dato base	2023SM38	24
Total Nacional	34 Palencia	Dato base	2023SM37	27
Total Nacional	34 Palencia	Dato base	2023SM36	40
Total Nacional	34 Palencia	Dato base	2023SM35	32
Total Nacional	34 Palencia	Dato base	2023SM34	55
Total Nacional	34 Palencia	Dato base	2023SM33	35
Total Nacional	34 Palencia	Dato base	2023SM32	29
Total Nacional	34 Palencia	Dato base	2023SM31	38
Total Nacional	34 Palencia	Dato base	2023SM30	40
Total Nacional	34 Palencia	Dato base	2023SM29	22
Total Nacional	34 Palencia	Dato base	2023SM28	37
Total Nacional	34 Palencia	Dato base	2023SM27	38
Total Nacional	34 Palencia	Dato base	2023SM26	40
Total Nacional	34 Palencia	Dato base	2023SM25	35
Total Nacional	34 Palencia	Dato base	2023SM24	32
Total Nacional	34 Palencia	Dato base	2023SM23	41
Total Nacional	34 Palencia	Dato base	2023SM22	45
Total Nacional	34 Palencia	Dato base	2023SM21	35
Total Nacional	34 Palencia	Dato base	2023SM20	31
Total Nacional	34 Palencia	Dato base	2023SM19	28
Total Nacional	34 Palencia	Dato base	2023SM18	32
Total Nacional	34 Palencia	Dato base	2023SM17	42
Total Nacional	34 Palencia	Dato base	2023SM16	49
Total Nacional	34 Palencia	Dato base	2023SM15	27
Total Nacional	34 Palencia	Dato base	2023SM14	47
Total Nacional	34 Palencia	Dato base	2023SM13	41
Total Nacional	34 Palencia	Dato base	2023SM12	29
Total Nacional	34 Palencia	Dato base	2023SM11	36
Total Nacional	34 Palencia	Dato base	2023SM10	50
Total Nacional	34 Palencia	Dato base	2023SM09	31
Total Nacional	34 Palencia	Dato base	2023SM08	55
Total Nacional	34 Palencia	Dato base	2023SM07	37
Total Nacional	34 Palencia	Dato base	2023SM06	37
Total Nacional	34 Palencia	Dato base	2023SM05	45
Total Nacional	34 Palencia	Dato base	2023SM04	31
Total Nacional	34 Palencia	Dato base	2023SM03	41
Total Nacional	34 Palencia	Dato base	2023SM02	46
Total Nacional	34 Palencia	Dato base	2023SM01	47
Total Nacional	34 Palencia	Dato base	2022SM52	52
Total Nacional	34 Palencia	Dato base	2022SM51	48
Total Nacional	34 Palencia	Dato base	2022SM50	31
Total Nacional	34 Palencia	Dato base	2022SM49	44
Total Nacional	34 Palencia	Dato base	2022SM48	45
Total Nacional	34 Palencia	Dato base	2022SM47	52
Total Nacional	34 Palencia	Dato base	2022SM46	47
Total Nacional	34 Palencia	Dato base	2022SM45	24
Total Nacional	34 Palencia	Dato base	2022SM44	45
Total Nacional	34 Palencia	Dato base	2022SM43	46
Total Nacional	34 Palencia	Dato base	2022SM42	40
Total Nacional	34 Palencia	Dato base	2022SM41	37
Total Nacional	34 Palencia	Dato base	2022SM40	48
Total Nacional	34 Palencia	Dato base	2022SM39	32
Total Nacional	34 Palencia	Dato base	2022SM38	37
Total Nacional	34 Palencia	Dato base	2022SM37	41
Total Nacional	34 Palencia	Dato base	2022SM36	36
Total Nacional	34 Palencia	Dato base	2022SM35	45
Total Nacional	34 Palencia	Dato base	2022SM34	33
Total Nacional	34 Palencia	Dato base	2022SM33	35
Total Nacional	34 Palencia	Dato base	2022SM32	53
Total Nacional	34 Palencia	Dato base	2022SM31	43
Total Nacional	34 Palencia	Dato base	2022SM30	46
Total Nacional	34 Palencia	Dato base	2022SM29	86
Total Nacional	34 Palencia	Dato base	2022SM28	73
Total Nacional	34 Palencia	Dato base	2022SM27	53
Total Nacional	34 Palencia	Dato base	2022SM26	38
Total Nacional	34 Palencia	Dato base	2022SM25	35
Total Nacional	34 Palencia	Dato base	2022SM24	58
Total Nacional	34 Palencia	Dato base	2022SM23	33
Total Nacional	34 Palencia	Dato base	2022SM22	39
Total Nacional	34 Palencia	Dato base	2022SM21	42
Total Nacional	34 Palencia	Dato base	2022SM20	43
Total Nacional	34 Palencia	Dato base	2022SM19	45
Total Nacional	34 Palencia	Dato base	2022SM18	22
Total Nacional	34 Palencia	Dato base	2022SM17	46
Total Nacional	34 Palencia	Dato base	2022SM16	36
Total Nacional	34 Palencia	Dato base	2022SM15	38
Total Nacional	34 Palencia	Dato base	2022SM14	47
Total Nacional	34 Palencia	Dato base	2022SM13	41
Total Nacional	34 Palencia	Dato base	2022SM12	27
Total Nacional	34 Palencia	Dato base	2022SM11	39
Total Nacional	34 Palencia	Dato base	2022SM10	30
Total Nacional	34 Palencia	Dato base	2022SM09	43
Total Nacional	34 Palencia	Dato base	2022SM08	37
Total Nacional	34 Palencia	Dato base	2022SM07	49
Total Nacional	34 Palencia	Dato base	2022SM06	42
Total Nacional	34 Palencia	Dato base	2022SM05	50
Total Nacional	34 Palencia	Dato base	2022SM04	54
Total Nacional	34 Palencia	Dato base	2022SM03	47
Total Nacional	34 Palencia	Dato base	2022SM02	45
Total Nacional	34 Palencia	Dato base	2022SM01	43
Total Nacional	34 Palencia	Dato base	2021SM52	51
Total Nacional	34 Palencia	Dato base	2021SM51	41
Total Nacional	34 Palencia	Dato base	2021SM50	47
Total Nacional	34 Palencia	Dato base	2021SM49	36
Total Nacional	34 Palencia	Dato base	2021SM48	43
Total Nacional	34 Palencia	Dato base	2021SM47	48
Total Nacional	34 Palencia	Dato base	2021SM46	35
Total Nacional	34 Palencia	Dato base	2021SM45	39
Total Nacional	34 Palencia	Dato base	2021SM44	37
Total Nacional	34 Palencia	Dato base	2021SM43	40
Total Nacional	34 Palencia	Dato base	2021SM42	44
Total Nacional	34 Palencia	Dato base	2021SM41	33
Total Nacional	34 Palencia	Dato base	2021SM40	26
Total Nacional	34 Palencia	Dato base	2021SM39	29
Total Nacional	34 Palencia	Dato base	2021SM38	30
Total Nacional	34 Palencia	Dato base	2021SM37	36
Total Nacional	34 Palencia	Dato base	2021SM36	47
Total Nacional	34 Palencia	Dato base	2021SM35	34
Total Nacional	34 Palencia	Dato base	2021SM34	28
Total Nacional	34 Palencia	Dato base	2021SM33	53
Total Nacional	34 Palencia	Dato base	2021SM32	49
Total Nacional	34 Palencia	Dato base	2021SM31	51
Total Nacional	34 Palencia	Dato base	2021SM30	52
Total Nacional	34 Palencia	Dato base	2021SM29	60
Total Nacional	34 Palencia	Dato base	2021SM28	38
Total Nacional	34 Palencia	Dato base	2021SM27	25
Total Nacional	34 Palencia	Dato base	2021SM26	46
Total Nacional	34 Palencia	Dato base	2021SM25	31
Total Nacional	34 Palencia	Dato base	2021SM24	38
Total Nacional	34 Palencia	Dato base	2021SM23	42
Total Nacional	34 Palencia	Dato base	2021SM22	33
Total Nacional	34 Palencia	Dato base	2021SM21	39
Total Nacional	34 Palencia	Dato base	2021SM20	35
Total Nacional	34 Palencia	Dato base	2021SM19	39
Total Nacional	34 Palencia	Dato base	2021SM18	30
Total Nacional	34 Palencia	Dato base	2021SM17	46
Total Nacional	34 Palencia	Dato base	2021SM16	39
Total Nacional	34 Palencia	Dato base	2021SM15	37
Total Nacional	34 Palencia	Dato base	2021SM14	43
Total Nacional	34 Palencia	Dato base	2021SM13	32
Total Nacional	34 Palencia	Dato base	2021SM12	46
Total Nacional	34 Palencia	Dato base	2021SM11	34
Total Nacional	34 Palencia	Dato base	2021SM10	44
Total Nacional	34 Palencia	Dato base	2021SM09	39
Total Nacional	34 Palencia	Dato base	2021SM08	60
Total Nacional	34 Palencia	Dato base	2021SM07	57
Total Nacional	34 Palencia	Dato base	2021SM06	66
Total Nacional	34 Palencia	Dato base	2021SM05	74
Total Nacional	34 Palencia	Dato base	2021SM04	71
Total Nacional	34 Palencia	Dato base	2021SM03	54
Total Nacional	34 Palencia	Dato base	2021SM02	71
Total Nacional	34 Palencia	Dato base	2021SM01	59
Total Nacional	34 Palencia	Dato base	2020SM53	51
Total Nacional	34 Palencia	Dato base	2020SM52	50
Total Nacional	34 Palencia	Dato base	2020SM51	58
Total Nacional	34 Palencia	Dato base	2020SM50	78
Total Nacional	34 Palencia	Dato base	2020SM49	58
Total Nacional	34 Palencia	Dato base	2020SM48	49
Total Nacional	34 Palencia	Dato base	2020SM47	61
Total Nacional	34 Palencia	Dato base	2020SM46	71
Total Nacional	34 Palencia	Dato base	2020SM45	66
Total Nacional	34 Palencia	Dato base	2020SM44	52
Total Nacional	34 Palencia	Dato base	2020SM43	56
Total Nacional	34 Palencia	Dato base	2020SM42	51
Total Nacional	34 Palencia	Dato base	2020SM41	40
Total Nacional	34 Palencia	Dato base	2020SM40	38
Total Nacional	34 Palencia	Dato base	2020SM39	53
Total Nacional	34 Palencia	Dato base	2020SM38	38
Total Nacional	34 Palencia	Dato base	2020SM37	41
Total Nacional	34 Palencia	Dato base	2020SM36	47
Total Nacional	34 Palencia	Dato base	2020SM35	40
Total Nacional	34 Palencia	Dato base	2020SM34	44
Total Nacional	34 Palencia	Dato base	2020SM33	46
Total Nacional	34 Palencia	Dato base	2020SM32	42
Total Nacional	34 Palencia	Dato base	2020SM31	34
Total Nacional	34 Palencia	Dato base	2020SM30	43
Total Nacional	34 Palencia	Dato base	2020SM29	42
Total Nacional	34 Palencia	Dato base	2020SM28	40
Total Nacional	34 Palencia	Dato base	2020SM27	43
Total Nacional	34 Palencia	Dato base	2020SM26	46
Total Nacional	34 Palencia	Dato base	2020SM25	39
Total Nacional	34 Palencia	Dato base	2020SM24	28
Total Nacional	34 Palencia	Dato base	2020SM23	39
Total Nacional	34 Palencia	Dato base	2020SM22	38
Total Nacional	34 Palencia	Dato base	2020SM21	41
Total Nacional	34 Palencia	Dato base	2020SM20	35
Total Nacional	34 Palencia	Dato base	2020SM19	49
Total Nacional	34 Palencia	Dato base	2020SM18	39
Total Nacional	34 Palencia	Dato base	2020SM17	57
Total Nacional	34 Palencia	Dato base	2020SM16	65
Total Nacional	34 Palencia	Dato base	2020SM15	62
Total Nacional	34 Palencia	Dato base	2020SM14	97
Total Nacional	34 Palencia	Dato base	2020SM13	79
Total Nacional	34 Palencia	Dato base	2020SM12	53
Total Nacional	34 Palencia	Dato base	2020SM11	49
Total Nacional	34 Palencia	Dato base	2020SM10	41
Total Nacional	34 Palencia	Dato base	2020SM09	47
Total Nacional	34 Palencia	Dato base	2020SM08	41
Total Nacional	34 Palencia	Dato base	2020SM07	38
Total Nacional	34 Palencia	Dato base	2020SM06	48
Total Nacional	34 Palencia	Dato base	2020SM05	47
Total Nacional	34 Palencia	Dato base	2020SM04	61
Total Nacional	34 Palencia	Dato base	2020SM03	52
Total Nacional	34 Palencia	Dato base	2020SM02	45
Total Nacional	34 Palencia	Dato base	2020SM01	45
Total Nacional	34 Palencia	Dato base	2019SM52	42
Total Nacional	34 Palencia	Dato base	2019SM51	37
Total Nacional	34 Palencia	Dato base	2019SM50	48
Total Nacional	34 Palencia	Dato base	2019SM49	37
Total Nacional	34 Palencia	Dato base	2019SM48	37
Total Nacional	34 Palencia	Dato base	2019SM47	48
Total Nacional	34 Palencia	Dato base	2019SM46	31
Total Nacional	34 Palencia	Dato base	2019SM45	39
Total Nacional	34 Palencia	Dato base	2019SM44	46
Total Nacional	34 Palencia	Dato base	2019SM43	41
Total Nacional	34 Palencia	Dato base	2019SM42	43
Total Nacional	34 Palencia	Dato base	2019SM41	32
Total Nacional	34 Palencia	Dato base	2019SM40	36
Total Nacional	34 Palencia	Dato base	2019SM39	38
Total Nacional	34 Palencia	Dato base	2019SM38	41
Total Nacional	34 Palencia	Dato base	2019SM37	24
Total Nacional	34 Palencia	Dato base	2019SM36	25
Total Nacional	34 Palencia	Dato base	2019SM35	42
Total Nacional	34 Palencia	Dato base	2019SM34	39
Total Nacional	34 Palencia	Dato base	2019SM33	39
Total Nacional	34 Palencia	Dato base	2019SM32	17
Total Nacional	34 Palencia	Dato base	2019SM31	37
Total Nacional	34 Palencia	Dato base	2019SM30	42
Total Nacional	34 Palencia	Dato base	2019SM29	26
Total Nacional	34 Palencia	Dato base	2019SM28	32
Total Nacional	34 Palencia	Dato base	2019SM27	52
Total Nacional	34 Palencia	Dato base	2019SM26	53
Total Nacional	34 Palencia	Dato base	2019SM25	42
Total Nacional	34 Palencia	Dato base	2019SM24	34
Total Nacional	34 Palencia	Dato base	2019SM23	32
Total Nacional	34 Palencia	Dato base	2019SM22	27
Total Nacional	34 Palencia	Dato base	2019SM21	33
Total Nacional	34 Palencia	Dato base	2019SM20	58
Total Nacional	34 Palencia	Dato base	2019SM19	42
Total Nacional	34 Palencia	Dato base	2019SM18	38
Total Nacional	34 Palencia	Dato base	2019SM17	45
Total Nacional	34 Palencia	Dato base	2019SM16	42
Total Nacional	34 Palencia	Dato base	2019SM15	42
Total Nacional	34 Palencia	Dato base	2019SM14	40
Total Nacional	34 Palencia	Dato base	2019SM13	32
Total Nacional	34 Palencia	Dato base	2019SM12	42
Total Nacional	34 Palencia	Dato base	2019SM11	43
Total Nacional	34 Palencia	Dato base	2019SM10	52
Total Nacional	34 Palencia	Dato base	2019SM09	28
Total Nacional	34 Palencia	Dato base	2019SM08	45
Total Nacional	34 Palencia	Dato base	2019SM07	62
Total Nacional	34 Palencia	Dato base	2019SM06	53
Total Nacional	34 Palencia	Dato base	2019SM05	63
Total Nacional	34 Palencia	Dato base	2019SM04	63
Total Nacional	34 Palencia	Dato base	2019SM03	54
Total Nacional	34 Palencia	Dato base	2019SM02	47
Total Nacional	34 Palencia	Dato base	2019SM01	39
Total Nacional	34 Palencia	Dato base	2018SM52	34
Total Nacional	34 Palencia	Dato base	2018SM51	46
Total Nacional	34 Palencia	Dato base	2018SM50	44
Total Nacional	34 Palencia	Dato base	2018SM49	34
Total Nacional	34 Palencia	Dato base	2018SM48	38
Total Nacional	34 Palencia	Dato base	2018SM47	53
Total Nacional	34 Palencia	Dato base	2018SM46	50
Total Nacional	34 Palencia	Dato base	2018SM45	44
Total Nacional	34 Palencia	Dato base	2018SM44	41
Total Nacional	34 Palencia	Dato base	2018SM43	39
Total Nacional	34 Palencia	Dato base	2018SM42	33
Total Nacional	34 Palencia	Dato base	2018SM41	46
Total Nacional	34 Palencia	Dato base	2018SM40	33
Total Nacional	34 Palencia	Dato base	2018SM39	24
Total Nacional	34 Palencia	Dato base	2018SM38	37
Total Nacional	34 Palencia	Dato base	2018SM37	33
Total Nacional	34 Palencia	Dato base	2018SM36	41
Total Nacional	34 Palencia	Dato base	2018SM35	38
Total Nacional	34 Palencia	Dato base	2018SM34	26
Total Nacional	34 Palencia	Dato base	2018SM33	34
Total Nacional	34 Palencia	Dato base	2018SM32	43
Total Nacional	34 Palencia	Dato base	2018SM31	51
Total Nacional	34 Palencia	Dato base	2018SM30	41
Total Nacional	34 Palencia	Dato base	2018SM29	39
Total Nacional	34 Palencia	Dato base	2018SM28	35
Total Nacional	34 Palencia	Dato base	2018SM27	42
Total Nacional	34 Palencia	Dato base	2018SM26	45
Total Nacional	34 Palencia	Dato base	2018SM25	48
Total Nacional	34 Palencia	Dato base	2018SM24	28
Total Nacional	34 Palencia	Dato base	2018SM23	29
Total Nacional	34 Palencia	Dato base	2018SM22	45
Total Nacional	34 Palencia	Dato base	2018SM21	52
Total Nacional	34 Palencia	Dato base	2018SM20	34
Total Nacional	34 Palencia	Dato base	2018SM19	36
Total Nacional	34 Palencia	Dato base	2018SM18	44
Total Nacional	34 Palencia	Dato base	2018SM17	34
Total Nacional	34 Palencia	Dato base	2018SM16	41
Total Nacional	34 Palencia	Dato base	2018SM15	46
Total Nacional	34 Palencia	Dato base	2018SM14	51
Total Nacional	34 Palencia	Dato base	2018SM13	44
Total Nacional	34 Palencia	Dato base	2018SM12	43
Total Nacional	34 Palencia	Dato base	2018SM11	42
Total Nacional	34 Palencia	Dato base	2018SM10	40
Total Nacional	34 Palencia	Dato base	2018SM09	39
Total Nacional	34 Palencia	Dato base	2018SM08	37
Total Nacional	34 Palencia	Dato base	2018SM07	57
Total Nacional	34 Palencia	Dato base	2018SM06	52
Total Nacional	34 Palencia	Dato base	2018SM05	65
Total Nacional	34 Palencia	Dato base	2018SM04	51
Total Nacional	34 Palencia	Dato base	2018SM03	57
Total Nacional	34 Palencia	Dato base	2018SM02	46
Total Nacional	34 Palencia	Dato base	2018SM01	44
Total Nacional	34 Palencia	Dato base	2017SM52	45
Total Nacional	34 Palencia	Dato base	2017SM51	44
Total Nacional	34 Palencia	Dato base	2017SM50	46
Total Nacional	34 Palencia	Dato base	2017SM49	40
Total Nacional	34 Palencia	Dato base	2017SM48	37
Total Nacional	34 Palencia	Dato base	2017SM47	38
Total Nacional	34 Palencia	Dato base	2017SM46	45
Total Nacional	34 Palencia	Dato base	2017SM45	29
Total Nacional	34 Palencia	Dato base	2017SM44	49
Total Nacional	34 Palencia	Dato base	2017SM43	34
Total Nacional	34 Palencia	Dato base	2017SM42	41
Total Nacional	34 Palencia	Dato base	2017SM41	31
Total Nacional	34 Palencia	Dato base	2017SM40	47
Total Nacional	34 Palencia	Dato base	2017SM39	42
Total Nacional	34 Palencia	Dato base	2017SM38	38
Total Nacional	34 Palencia	Dato base	2017SM37	40
Total Nacional	34 Palencia	Dato base	2017SM36	36
Total Nacional	34 Palencia	Dato base	2017SM35	31
Total Nacional	34 Palencia	Dato base	2017SM34	38
Total Nacional	34 Palencia	Dato base	2017SM33	39
Total Nacional	34 Palencia	Dato base	2017SM32	29
Total Nacional	34 Palencia	Dato base	2017SM31	38
Total Nacional	34 Palencia	Dato base	2017SM30	25
Total Nacional	34 Palencia	Dato base	2017SM29	50
Total Nacional	34 Palencia	Dato base	2017SM28	28
Total Nacional	34 Palencia	Dato base	2017SM27	30
Total Nacional	34 Palencia	Dato base	2017SM26	28
Total Nacional	34 Palencia	Dato base	2017SM25	40
Total Nacional	34 Palencia	Dato base	2017SM24	41
Total Nacional	34 Palencia	Dato base	2017SM23	30
Total Nacional	34 Palencia	Dato base	2017SM22	40
Total Nacional	34 Palencia	Dato base	2017SM21	36
Total Nacional	34 Palencia	Dato base	2017SM20	41
Total Nacional	34 Palencia	Dato base	2017SM19	32
Total Nacional	34 Palencia	Dato base	2017SM18	44
Total Nacional	34 Palencia	Dato base	2017SM17	40
Total Nacional	34 Palencia	Dato base	2017SM16	39
Total Nacional	34 Palencia	Dato base	2017SM15	45
Total Nacional	34 Palencia	Dato base	2017SM14	38
Total Nacional	34 Palencia	Dato base	2017SM13	39
Total Nacional	34 Palencia	Dato base	2017SM12	41
Total Nacional	34 Palencia	Dato base	2017SM11	49
Total Nacional	34 Palencia	Dato base	2017SM10	36
Total Nacional	34 Palencia	Dato base	2017SM09	36
Total Nacional	34 Palencia	Dato base	2017SM08	45
Total Nacional	34 Palencia	Dato base	2017SM07	60
Total Nacional	34 Palencia	Dato base	2017SM06	46
Total Nacional	34 Palencia	Dato base	2017SM05	37
Total Nacional	34 Palencia	Dato base	2017SM04	70
Total Nacional	34 Palencia	Dato base	2017SM03	66
Total Nacional	34 Palencia	Dato base	2017SM02	66
Total Nacional	34 Palencia	Dato base	2017SM01	55
Total Nacional	34 Palencia	Dato base	2016SM52	56
Total Nacional	34 Palencia	Dato base	2016SM51	52
Total Nacional	34 Palencia	Dato base	2016SM50	40
Total Nacional	34 Palencia	Dato base	2016SM49	37
Total Nacional	34 Palencia	Dato base	2016SM48	42
Total Nacional	34 Palencia	Dato base	2016SM47	44
Total Nacional	34 Palencia	Dato base	2016SM46	37
Total Nacional	34 Palencia	Dato base	2016SM45	34
Total Nacional	34 Palencia	Dato base	2016SM44	37
Total Nacional	34 Palencia	Dato base	2016SM43	34
Total Nacional	34 Palencia	Dato base	2016SM42	34
Total Nacional	34 Palencia	Dato base	2016SM41	37
Total Nacional	34 Palencia	Dato base	2016SM40	39
Total Nacional	34 Palencia	Dato base	2016SM39	29
Total Nacional	34 Palencia	Dato base	2016SM38	37
Total Nacional	34 Palencia	Dato base	2016SM37	36
Total Nacional	34 Palencia	Dato base	2016SM36	43
Total Nacional	34 Palencia	Dato base	2016SM35	32
Total Nacional	34 Palencia	Dato base	2016SM34	38
Total Nacional	34 Palencia	Dato base	2016SM33	40
Total Nacional	34 Palencia	Dato base	2016SM32	42
Total Nacional	34 Palencia	Dato base	2016SM31	34
Total Nacional	34 Palencia	Dato base	2016SM30	35
Total Nacional	34 Palencia	Dato base	2016SM29	48
Total Nacional	34 Palencia	Dato base	2016SM28	34
Total Nacional	34 Palencia	Dato base	2016SM27	40
Total Nacional	34 Palencia	Dato base	2016SM26	31
Total Nacional	34 Palencia	Dato base	2016SM25	33
Total Nacional	34 Palencia	Dato base	2016SM24	36
Total Nacional	34 Palencia	Dato base	2016SM23	38
Total Nacional	34 Palencia	Dato base	2016SM22	48
Total Nacional	34 Palencia	Dato base	2016SM21	39
Total Nacional	34 Palencia	Dato base	2016SM20	37
Total Nacional	34 Palencia	Dato base	2016SM19	37
Total Nacional	34 Palencia	Dato base	2016SM18	45
Total Nacional	34 Palencia	Dato base	2016SM17	35
Total Nacional	34 Palencia	Dato base	2016SM16	43
Total Nacional	34 Palencia	Dato base	2016SM15	41
Total Nacional	34 Palencia	Dato base	2016SM14	36
Total Nacional	34 Palencia	Dato base	2016SM13	36
Total Nacional	34 Palencia	Dato base	2016SM12	48
Total Nacional	34 Palencia	Dato base	2016SM11	36
Total Nacional	34 Palencia	Dato base	2016SM10	39
Total Nacional	34 Palencia	Dato base	2016SM09	37
Total Nacional	34 Palencia	Dato base	2016SM08	51
Total Nacional	34 Palencia	Dato base	2016SM07	54
Total Nacional	34 Palencia	Dato base	2016SM06	44
Total Nacional	34 Palencia	Dato base	2016SM05	49
Total Nacional	34 Palencia	Dato base	2016SM04	41
Total Nacional	34 Palencia	Dato base	2016SM03	44
Total Nacional	34 Palencia	Dato base	2016SM02	57
Total Nacional	34 Palencia	Dato base	2016SM01	47
Total Nacional	34 Palencia	Dato base	2015SM53	25
Total Nacional	34 Palencia	Dato base	2015SM52	38
Total Nacional	34 Palencia	Dato base	2015SM51	31
Total Nacional	34 Palencia	Dato base	2015SM50	40
Total Nacional	34 Palencia	Dato base	2015SM49	27
Total Nacional	34 Palencia	Dato base	2015SM48	44
Total Nacional	34 Palencia	Dato base	2015SM47	36
Total Nacional	34 Palencia	Dato base	2015SM46	35
Total Nacional	34 Palencia	Dato base	2015SM45	25
Total Nacional	34 Palencia	Dato base	2015SM44	45
Total Nacional	34 Palencia	Dato base	2015SM43	37
Total Nacional	34 Palencia	Dato base	2015SM42	29
Total Nacional	34 Palencia	Dato base	2015SM41	44
Total Nacional	34 Palencia	Dato base	2015SM40	39
Total Nacional	34 Palencia	Dato base	2015SM39	28
Total Nacional	34 Palencia	Dato base	2015SM38	39
Total Nacional	34 Palencia	Dato base	2015SM37	28
Total Nacional	34 Palencia	Dato base	2015SM36	42
Total Nacional	34 Palencia	Dato base	2015SM35	20
Total Nacional	34 Palencia	Dato base	2015SM34	35
Total Nacional	34 Palencia	Dato base	2015SM33	32
Total Nacional	34 Palencia	Dato base	2015SM32	29
Total Nacional	34 Palencia	Dato base	2015SM31	36
Total Nacional	34 Palencia	Dato base	2015SM30	44
Total Nacional	34 Palencia	Dato base	2015SM29	48
Total Nacional	34 Palencia	Dato base	2015SM28	38
Total Nacional	34 Palencia	Dato base	2015SM27	56
Total Nacional	34 Palencia	Dato base	2015SM26	37
Total Nacional	34 Palencia	Dato base	2015SM25	40
Total Nacional	34 Palencia	Dato base	2015SM24	33
Total Nacional	34 Palencia	Dato base	2015SM23	53
Total Nacional	34 Palencia	Dato base	2015SM22	29
Total Nacional	34 Palencia	Dato base	2015SM21	33
Total Nacional	34 Palencia	Dato base	2015SM20	44
Total Nacional	34 Palencia	Dato base	2015SM19	34
Total Nacional	34 Palencia	Dato base	2015SM18	37
Total Nacional	34 Palencia	Dato base	2015SM17	44
Total Nacional	34 Palencia	Dato base	2015SM16	37
Total Nacional	34 Palencia	Dato base	2015SM15	41
Total Nacional	34 Palencia	Dato base	2015SM14	53
Total Nacional	34 Palencia	Dato base	2015SM13	46
Total Nacional	34 Palencia	Dato base	2015SM12	42
Total Nacional	34 Palencia	Dato base	2015SM11	39
Total Nacional	34 Palencia	Dato base	2015SM10	70
Total Nacional	34 Palencia	Dato base	2015SM09	52
Total Nacional	34 Palencia	Dato base	2015SM08	42
Total Nacional	34 Palencia	Dato base	2015SM07	58
Total Nacional	34 Palencia	Dato base	2015SM06	63
Total Nacional	34 Palencia	Dato base	2015SM05	59
Total Nacional	34 Palencia	Dato base	2015SM04	68
Total Nacional	34 Palencia	Dato base	2015SM03	49
Total Nacional	34 Palencia	Dato base	2015SM02	62
Total Nacional	34 Palencia	Dato base	2015SM01	46
Total Nacional	34 Palencia	Dato base	2014SM52	36
Total Nacional	34 Palencia	Dato base	2014SM51	28
Total Nacional	34 Palencia	Dato base	2014SM50	48
Total Nacional	34 Palencia	Dato base	2014SM49	38
Total Nacional	34 Palencia	Dato base	2014SM48	49
Total Nacional	34 Palencia	Dato base	2014SM47	49
Total Nacional	34 Palencia	Dato base	2014SM46	41
Total Nacional	34 Palencia	Dato base	2014SM45	28
Total Nacional	34 Palencia	Dato base	2014SM44	44
Total Nacional	34 Palencia	Dato base	2014SM43	42
Total Nacional	34 Palencia	Dato base	2014SM42	39
Total Nacional	34 Palencia	Dato base	2014SM41	30
Total Nacional	34 Palencia	Dato base	2014SM40	46
Total Nacional	34 Palencia	Dato base	2014SM39	42
Total Nacional	34 Palencia	Dato base	2014SM38	35
Total Nacional	34 Palencia	Dato base	2014SM37	43
Total Nacional	34 Palencia	Dato base	2014SM36	43
Total Nacional	34 Palencia	Dato base	2014SM35	32
Total Nacional	34 Palencia	Dato base	2014SM34	31
Total Nacional	34 Palencia	Dato base	2014SM33	49
Total Nacional	34 Palencia	Dato base	2014SM32	38
Total Nacional	34 Palencia	Dato base	2014SM31	50
Total Nacional	34 Palencia	Dato base	2014SM30	45
Total Nacional	34 Palencia	Dato base	2014SM29	45
Total Nacional	34 Palencia	Dato base	2014SM28	35
Total Nacional	34 Palencia	Dato base	2014SM27	39
Total Nacional	34 Palencia	Dato base	2014SM26	49
Total Nacional	34 Palencia	Dato base	2014SM25	32
Total Nacional	34 Palencia	Dato base	2014SM24	46
Total Nacional	34 Palencia	Dato base	2014SM23	37
Total Nacional	34 Palencia	Dato base	2014SM22	31
Total Nacional	34 Palencia	Dato base	2014SM21	43
Total Nacional	34 Palencia	Dato base	2014SM20	38
Total Nacional	34 Palencia	Dato base	2014SM19	46
Total Nacional	34 Palencia	Dato base	2014SM18	40
Total Nacional	34 Palencia	Dato base	2014SM17	41
Total Nacional	34 Palencia	Dato base	2014SM16	42
Total Nacional	34 Palencia	Dato base	2014SM15	39
Total Nacional	34 Palencia	Dato base	2014SM14	46
Total Nacional	34 Palencia	Dato base	2014SM13	44
Total Nacional	34 Palencia	Dato base	2014SM12	42
Total Nacional	34 Palencia	Dato base	2014SM11	36
Total Nacional	34 Palencia	Dato base	2014SM10	33
Total Nacional	34 Palencia	Dato base	2014SM09	48
Total Nacional	34 Palencia	Dato base	2014SM08	45
Total Nacional	34 Palencia	Dato base	2014SM07	49
Total Nacional	34 Palencia	Dato base	2014SM06	47
Total Nacional	34 Palencia	Dato base	2014SM05	40
Total Nacional	34 Palencia	Dato base	2014SM04	47
Total Nacional	34 Palencia	Dato base	2014SM03	53
Total Nacional	34 Palencia	Dato base	2014SM02	54
Total Nacional	34 Palencia	Dato base	2014SM01	43
Total Nacional	34 Palencia	Dato base	2013SM52	54
Total Nacional	34 Palencia	Dato base	2013SM51	37
Total Nacional	34 Palencia	Dato base	2013SM50	43
Total Nacional	34 Palencia	Dato base	2013SM49	36
Total Nacional	34 Palencia	Dato base	2013SM48	41
Total Nacional	34 Palencia	Dato base	2013SM47	33
Total Nacional	34 Palencia	Dato base	2013SM46	43
Total Nacional	34 Palencia	Dato base	2013SM45	36
Total Nacional	34 Palencia	Dato base	2013SM44	41
Total Nacional	34 Palencia	Dato base	2013SM43	33
Total Nacional	34 Palencia	Dato base	2013SM42	37
Total Nacional	34 Palencia	Dato base	2013SM41	34
Total Nacional	34 Palencia	Dato base	2013SM40	40
Total Nacional	34 Palencia	Dato base	2013SM39	39
Total Nacional	34 Palencia	Dato base	2013SM38	39
Total Nacional	34 Palencia	Dato base	2013SM37	24
Total Nacional	34 Palencia	Dato base	2013SM36	30
Total Nacional	34 Palencia	Dato base	2013SM35	36
Total Nacional	34 Palencia	Dato base	2013SM34	33
Total Nacional	34 Palencia	Dato base	2013SM33	37
Total Nacional	34 Palencia	Dato base	2013SM32	33
Total Nacional	34 Palencia	Dato base	2013SM31	33
Total Nacional	34 Palencia	Dato base	2013SM30	40
Total Nacional	34 Palencia	Dato base	2013SM29	47
Total Nacional	34 Palencia	Dato base	2013SM28	47
Total Nacional	34 Palencia	Dato base	2013SM27	38
Total Nacional	34 Palencia	Dato base	2013SM26	40
Total Nacional	34 Palencia	Dato base	2013SM25	35
Total Nacional	34 Palencia	Dato base	2013SM24	34
Total Nacional	34 Palencia	Dato base	2013SM23	33
Total Nacional	34 Palencia	Dato base	2013SM22	34
Total Nacional	34 Palencia	Dato base	2013SM21	40
Total Nacional	34 Palencia	Dato base	2013SM20	41
Total Nacional	34 Palencia	Dato base	2013SM19	30
Total Nacional	34 Palencia	Dato base	2013SM18	31
Total Nacional	34 Palencia	Dato base	2013SM17	50
Total Nacional	34 Palencia	Dato base	2013SM16	37
Total Nacional	34 Palencia	Dato base	2013SM15	31
Total Nacional	34 Palencia	Dato base	2013SM14	41
Total Nacional	34 Palencia	Dato base	2013SM13	29
Total Nacional	34 Palencia	Dato base	2013SM12	57
Total Nacional	34 Palencia	Dato base	2013SM11	45
Total Nacional	34 Palencia	Dato base	2013SM10	36
Total Nacional	34 Palencia	Dato base	2013SM09	38
Total Nacional	34 Palencia	Dato base	2013SM08	42
Total Nacional	34 Palencia	Dato base	2013SM07	49
Total Nacional	34 Palencia	Dato base	2013SM06	34
Total Nacional	34 Palencia	Dato base	2013SM05	38
Total Nacional	34 Palencia	Dato base	2013SM04	54
Total Nacional	34 Palencia	Dato base	2013SM03	51
Total Nacional	34 Palencia	Dato base	2013SM02	42
Total Nacional	34 Palencia	Dato base	2013SM01	45
Total Nacional	34 Palencia	Dato base	2012SM52	38
Total Nacional	34 Palencia	Dato base	2012SM51	38
Total Nacional	34 Palencia	Dato base	2012SM50	43
Total Nacional	34 Palencia	Dato base	2012SM49	40
Total Nacional	34 Palencia	Dato base	2012SM48	35
Total Nacional	34 Palencia	Dato base	2012SM47	37
Total Nacional	34 Palencia	Dato base	2012SM46	40
Total Nacional	34 Palencia	Dato base	2012SM45	39
Total Nacional	34 Palencia	Dato base	2012SM44	34
Total Nacional	34 Palencia	Dato base	2012SM43	31
Total Nacional	34 Palencia	Dato base	2012SM42	35
Total Nacional	34 Palencia	Dato base	2012SM41	36
Total Nacional	34 Palencia	Dato base	2012SM40	42
Total Nacional	34 Palencia	Dato base	2012SM39	31
Total Nacional	34 Palencia	Dato base	2012SM38	31
Total Nacional	34 Palencia	Dato base	2012SM37	29
Total Nacional	34 Palencia	Dato base	2012SM36	33
Total Nacional	34 Palencia	Dato base	2012SM35	33
Total Nacional	34 Palencia	Dato base	2012SM34	28
Total Nacional	34 Palencia	Dato base	2012SM33	34
Total Nacional	34 Palencia	Dato base	2012SM32	40
Total Nacional	34 Palencia	Dato base	2012SM31	32
Total Nacional	34 Palencia	Dato base	2012SM30	41
Total Nacional	34 Palencia	Dato base	2012SM29	40
Total Nacional	34 Palencia	Dato base	2012SM28	33
Total Nacional	34 Palencia	Dato base	2012SM27	31
Total Nacional	34 Palencia	Dato base	2012SM26	40
Total Nacional	34 Palencia	Dato base	2012SM25	41
Total Nacional	34 Palencia	Dato base	2012SM24	39
Total Nacional	34 Palencia	Dato base	2012SM23	40
Total Nacional	34 Palencia	Dato base	2012SM22	48
Total Nacional	34 Palencia	Dato base	2012SM21	50
Total Nacional	34 Palencia	Dato base	2012SM20	40
Total Nacional	34 Palencia	Dato base	2012SM19	36
Total Nacional	34 Palencia	Dato base	2012SM18	39
Total Nacional	34 Palencia	Dato base	2012SM17	36
Total Nacional	34 Palencia	Dato base	2012SM16	31
Total Nacional	34 Palencia	Dato base	2012SM15	42
Total Nacional	34 Palencia	Dato base	2012SM14	35
Total Nacional	34 Palencia	Dato base	2012SM13	45
Total Nacional	34 Palencia	Dato base	2012SM12	36
Total Nacional	34 Palencia	Dato base	2012SM11	63
Total Nacional	34 Palencia	Dato base	2012SM10	46
Total Nacional	34 Palencia	Dato base	2012SM09	48
Total Nacional	34 Palencia	Dato base	2012SM08	51
Total Nacional	34 Palencia	Dato base	2012SM07	49
Total Nacional	34 Palencia	Dato base	2012SM06	53
Total Nacional	34 Palencia	Dato base	2012SM05	52
Total Nacional	34 Palencia	Dato base	2012SM04	52
Total Nacional	34 Palencia	Dato base	2012SM03	44
Total Nacional	34 Palencia	Dato base	2012SM02	49
Total Nacional	34 Palencia	Dato base	2012SM01	54
Total Nacional	34 Palencia	Dato base	2011SM52	46
Total Nacional	34 Palencia	Dato base	2011SM51	40
Total Nacional	34 Palencia	Dato base	2011SM50	41
Total Nacional	34 Palencia	Dato base	2011SM49	36
Total Nacional	34 Palencia	Dato base	2011SM48	31
Total Nacional	34 Palencia	Dato base	2011SM47	35
Total Nacional	34 Palencia	Dato base	2011SM46	33
Total Nacional	34 Palencia	Dato base	2011SM45	35
Total Nacional	34 Palencia	Dato base	2011SM44	44
Total Nacional	34 Palencia	Dato base	2011SM43	35
Total Nacional	34 Palencia	Dato base	2011SM42	51
Total Nacional	34 Palencia	Dato base	2011SM41	29
Total Nacional	34 Palencia	Dato base	2011SM40	35
Total Nacional	34 Palencia	Dato base	2011SM39	37
Total Nacional	34 Palencia	Dato base	2011SM38	28
Total Nacional	34 Palencia	Dato base	2011SM37	30
Total Nacional	34 Palencia	Dato base	2011SM36	33
Total Nacional	34 Palencia	Dato base	2011SM35	28
Total Nacional	34 Palencia	Dato base	2011SM34	27
Total Nacional	34 Palencia	Dato base	2011SM33	40
Total Nacional	34 Palencia	Dato base	2011SM32	50
Total Nacional	34 Palencia	Dato base	2011SM31	43
Total Nacional	34 Palencia	Dato base	2011SM30	39
Total Nacional	34 Palencia	Dato base	2011SM29	39
Total Nacional	34 Palencia	Dato base	2011SM28	35
Total Nacional	34 Palencia	Dato base	2011SM27	41
Total Nacional	34 Palencia	Dato base	2011SM26	39
Total Nacional	34 Palencia	Dato base	2011SM25	34
Total Nacional	34 Palencia	Dato base	2011SM24	33
Total Nacional	34 Palencia	Dato base	2011SM23	41
Total Nacional	34 Palencia	Dato base	2011SM22	26
Total Nacional	34 Palencia	Dato base	2011SM21	36
Total Nacional	34 Palencia	Dato base	2011SM20	42
Total Nacional	34 Palencia	Dato base	2011SM19	30
Total Nacional	34 Palencia	Dato base	2011SM18	29
Total Nacional	34 Palencia	Dato base	2011SM17	38
Total Nacional	34 Palencia	Dato base	2011SM16	43
Total Nacional	34 Palencia	Dato base	2011SM15	29
Total Nacional	34 Palencia	Dato base	2011SM14	42
Total Nacional	34 Palencia	Dato base	2011SM13	38
Total Nacional	34 Palencia	Dato base	2011SM12	31
Total Nacional	34 Palencia	Dato base	2011SM11	41
Total Nacional	34 Palencia	Dato base	2011SM10	39
Total Nacional	34 Palencia	Dato base	2011SM09	36
Total Nacional	34 Palencia	Dato base	2011SM08	37
Total Nacional	34 Palencia	Dato base	2011SM07	45
Total Nacional	34 Palencia	Dato base	2011SM06	41
Total Nacional	34 Palencia	Dato base	2011SM05	39
Total Nacional	34 Palencia	Dato base	2011SM04	47
Total Nacional	34 Palencia	Dato base	2011SM03	47
Total Nacional	34 Palencia	Dato base	2011SM02	52
Total Nacional	34 Palencia	Dato base	2011SM01	46
Total Nacional	34 Palencia	Dato base	2010SM52	39
Total Nacional	34 Palencia	Dato base	2010SM51	36
Total Nacional	34 Palencia	Dato base	2010SM50	37
Total Nacional	34 Palencia	Dato base	2010SM49	38
Total Nacional	34 Palencia	Dato base	2010SM48	34
Total Nacional	34 Palencia	Dato base	2010SM47	40
Total Nacional	34 Palencia	Dato base	2010SM46	35
Total Nacional	34 Palencia	Dato base	2010SM45	36
Total Nacional	34 Palencia	Dato base	2010SM44	27
Total Nacional	34 Palencia	Dato base	2010SM43	37
Total Nacional	34 Palencia	Dato base	2010SM42	35
Total Nacional	34 Palencia	Dato base	2010SM41	38
Total Nacional	34 Palencia	Dato base	2010SM40	39
Total Nacional	34 Palencia	Dato base	2010SM39	30
Total Nacional	34 Palencia	Dato base	2010SM38	41
Total Nacional	34 Palencia	Dato base	2010SM37	31
Total Nacional	34 Palencia	Dato base	2010SM36	41
Total Nacional	34 Palencia	Dato base	2010SM35	29
Total Nacional	34 Palencia	Dato base	2010SM34	45
Total Nacional	34 Palencia	Dato base	2010SM33	34
Total Nacional	34 Palencia	Dato base	2010SM32	34
Total Nacional	34 Palencia	Dato base	2010SM31	25
Total Nacional	34 Palencia	Dato base	2010SM30	42
Total Nacional	34 Palencia	Dato base	2010SM29	38
Total Nacional	34 Palencia	Dato base	2010SM28	42
Total Nacional	34 Palencia	Dato base	2010SM27	45
Total Nacional	34 Palencia	Dato base	2010SM26	41
Total Nacional	34 Palencia	Dato base	2010SM25	45
Total Nacional	34 Palencia	Dato base	2010SM24	28
Total Nacional	34 Palencia	Dato base	2010SM23	37
Total Nacional	34 Palencia	Dato base	2010SM22	39
Total Nacional	34 Palencia	Dato base	2010SM21	36
Total Nacional	34 Palencia	Dato base	2010SM20	43
Total Nacional	34 Palencia	Dato base	2010SM19	40
Total Nacional	34 Palencia	Dato base	2010SM18	39
Total Nacional	34 Palencia	Dato base	2010SM17	40
Total Nacional	34 Palencia	Dato base	2010SM16	38
Total Nacional	34 Palencia	Dato base	2010SM15	38
Total Nacional	34 Palencia	Dato base	2010SM14	48
Total Nacional	34 Palencia	Dato base	2010SM13	31
Total Nacional	34 Palencia	Dato base	2010SM12	40
Total Nacional	34 Palencia	Dato base	2010SM11	43
Total Nacional	34 Palencia	Dato base	2010SM10	40
Total Nacional	34 Palencia	Dato base	2010SM09	30
Total Nacional	34 Palencia	Dato base	2010SM08	46
Total Nacional	34 Palencia	Dato base	2010SM07	39
Total Nacional	34 Palencia	Dato base	2010SM06	39
Total Nacional	34 Palencia	Dato base	2010SM05	43
Total Nacional	34 Palencia	Dato base	2010SM04	35
Total Nacional	34 Palencia	Dato base	2010SM03	66
Total Nacional	34 Palencia	Dato base	2010SM02	39
Total Nacional	34 Palencia	Dato base	2010SM01	63
Total Nacional	34 Palencia	Dato base	2009SM53	34
Total Nacional	34 Palencia	Dato base	2009SM52	29
Total Nacional	34 Palencia	Dato base	2009SM51	54
Total Nacional	34 Palencia	Dato base	2009SM50	40
Total Nacional	34 Palencia	Dato base	2009SM49	51
Total Nacional	34 Palencia	Dato base	2009SM48	50
Total Nacional	34 Palencia	Dato base	2009SM47	34
Total Nacional	34 Palencia	Dato base	2009SM46	44
Total Nacional	34 Palencia	Dato base	2009SM45	37
Total Nacional	34 Palencia	Dato base	2009SM44	39
Total Nacional	34 Palencia	Dato base	2009SM43	53
Total Nacional	34 Palencia	Dato base	2009SM42	35
Total Nacional	34 Palencia	Dato base	2009SM41	35
Total Nacional	34 Palencia	Dato base	2009SM40	33
Total Nacional	34 Palencia	Dato base	2009SM39	40
Total Nacional	34 Palencia	Dato base	2009SM38	31
Total Nacional	34 Palencia	Dato base	2009SM37	33
Total Nacional	34 Palencia	Dato base	2009SM36	38
Total Nacional	34 Palencia	Dato base	2009SM35	29
Total Nacional	34 Palencia	Dato base	2009SM34	41
Total Nacional	34 Palencia	Dato base	2009SM33	43
Total Nacional	34 Palencia	Dato base	2009SM32	33
Total Nacional	34 Palencia	Dato base	2009SM31	40
Total Nacional	34 Palencia	Dato base	2009SM30	34
Total Nacional	34 Palencia	Dato base	2009SM29	39
Total Nacional	34 Palencia	Dato base	2009SM28	33
Total Nacional	34 Palencia	Dato base	2009SM27	40
Total Nacional	34 Palencia	Dato base	2009SM26	27
Total Nacional	34 Palencia	Dato base	2009SM25	40
Total Nacional	34 Palencia	Dato base	2009SM24	34
Total Nacional	34 Palencia	Dato base	2009SM23	34
Total Nacional	34 Palencia	Dato base	2009SM22	35
Total Nacional	34 Palencia	Dato base	2009SM21	20
Total Nacional	34 Palencia	Dato base	2009SM20	38
Total Nacional	34 Palencia	Dato base	2009SM19	36
Total Nacional	34 Palencia	Dato base	2009SM18	46
Total Nacional	34 Palencia	Dato base	2009SM17	53
Total Nacional	34 Palencia	Dato base	2009SM16	50
Total Nacional	34 Palencia	Dato base	2009SM15	44
Total Nacional	34 Palencia	Dato base	2009SM14	29
Total Nacional	34 Palencia	Dato base	2009SM13	43
Total Nacional	34 Palencia	Dato base	2009SM12	45
Total Nacional	34 Palencia	Dato base	2009SM11	41
Total Nacional	34 Palencia	Dato base	2009SM10	39
Total Nacional	34 Palencia	Dato base	2009SM09	48
Total Nacional	34 Palencia	Dato base	2009SM08	50
Total Nacional	34 Palencia	Dato base	2009SM07	45
Total Nacional	34 Palencia	Dato base	2009SM06	44
Total Nacional	34 Palencia	Dato base	2009SM05	33
Total Nacional	34 Palencia	Dato base	2009SM04	45
Total Nacional	34 Palencia	Dato base	2009SM03	47
Total Nacional	34 Palencia	Dato base	2009SM02	43
Total Nacional	34 Palencia	Dato base	2009SM01	41
Total Nacional	34 Palencia	Dato base	2008SM52	49
Total Nacional	34 Palencia	Dato base	2008SM51	45
Total Nacional	34 Palencia	Dato base	2008SM50	42
Total Nacional	34 Palencia	Dato base	2008SM49	40
Total Nacional	34 Palencia	Dato base	2008SM48	39
Total Nacional	34 Palencia	Dato base	2008SM47	29
Total Nacional	34 Palencia	Dato base	2008SM46	40
Total Nacional	34 Palencia	Dato base	2008SM45	39
Total Nacional	34 Palencia	Dato base	2008SM44	34
Total Nacional	34 Palencia	Dato base	2008SM43	32
Total Nacional	34 Palencia	Dato base	2008SM42	33
Total Nacional	34 Palencia	Dato base	2008SM41	38
Total Nacional	34 Palencia	Dato base	2008SM40	40
Total Nacional	34 Palencia	Dato base	2008SM39	37
Total Nacional	34 Palencia	Dato base	2008SM38	37
Total Nacional	34 Palencia	Dato base	2008SM37	37
Total Nacional	34 Palencia	Dato base	2008SM36	28
Total Nacional	34 Palencia	Dato base	2008SM35	33
Total Nacional	34 Palencia	Dato base	2008SM34	27
Total Nacional	34 Palencia	Dato base	2008SM33	31
Total Nacional	34 Palencia	Dato base	2008SM32	40
Total Nacional	34 Palencia	Dato base	2008SM31	28
Total Nacional	34 Palencia	Dato base	2008SM30	28
Total Nacional	34 Palencia	Dato base	2008SM29	31
Total Nacional	34 Palencia	Dato base	2008SM28	32
Total Nacional	34 Palencia	Dato base	2008SM27	34
Total Nacional	34 Palencia	Dato base	2008SM26	37
Total Nacional	34 Palencia	Dato base	2008SM25	40
Total Nacional	34 Palencia	Dato base	2008SM24	33
Total Nacional	34 Palencia	Dato base	2008SM23	20
Total Nacional	34 Palencia	Dato base	2008SM22	37
Total Nacional	34 Palencia	Dato base	2008SM21	27
Total Nacional	34 Palencia	Dato base	2008SM20	38
Total Nacional	34 Palencia	Dato base	2008SM19	43
Total Nacional	34 Palencia	Dato base	2008SM18	35
Total Nacional	34 Palencia	Dato base	2008SM17	34
Total Nacional	34 Palencia	Dato base	2008SM16	39
Total Nacional	34 Palencia	Dato base	2008SM15	28
Total Nacional	34 Palencia	Dato base	2008SM14	35
Total Nacional	34 Palencia	Dato base	2008SM13	42
Total Nacional	34 Palencia	Dato base	2008SM12	39
Total Nacional	34 Palencia	Dato base	2008SM11	38
Total Nacional	34 Palencia	Dato base	2008SM10	38
Total Nacional	34 Palencia	Dato base	2008SM09	44
Total Nacional	34 Palencia	Dato base	2008SM08	42
Total Nacional	34 Palencia	Dato base	2008SM07	48
Total Nacional	34 Palencia	Dato base	2008SM06	49
Total Nacional	34 Palencia	Dato base	2008SM05	55
Total Nacional	34 Palencia	Dato base	2008SM04	42
Total Nacional	34 Palencia	Dato base	2008SM03	43
Total Nacional	34 Palencia	Dato base	2008SM02	37
Total Nacional	34 Palencia	Dato base	2008SM01	47
Total Nacional	34 Palencia	Dato base	2007SM52	48
Total Nacional	34 Palencia	Dato base	2007SM51	43
Total Nacional	34 Palencia	Dato base	2007SM50	40
Total Nacional	34 Palencia	Dato base	2007SM49	39
Total Nacional	34 Palencia	Dato base	2007SM48	54
Total Nacional	34 Palencia	Dato base	2007SM47	42
Total Nacional	34 Palencia	Dato base	2007SM46	38
Total Nacional	34 Palencia	Dato base	2007SM45	41
Total Nacional	34 Palencia	Dato base	2007SM44	29
Total Nacional	34 Palencia	Dato base	2007SM43	48
Total Nacional	34 Palencia	Dato base	2007SM42	42
Total Nacional	34 Palencia	Dato base	2007SM41	45
Total Nacional	34 Palencia	Dato base	2007SM40	34
Total Nacional	34 Palencia	Dato base	2007SM39	38
Total Nacional	34 Palencia	Dato base	2007SM38	36
Total Nacional	34 Palencia	Dato base	2007SM37	27
Total Nacional	34 Palencia	Dato base	2007SM36	44
Total Nacional	34 Palencia	Dato base	2007SM35	33
Total Nacional	34 Palencia	Dato base	2007SM34	40
Total Nacional	34 Palencia	Dato base	2007SM33	30
Total Nacional	34 Palencia	Dato base	2007SM32	36
Total Nacional	34 Palencia	Dato base	2007SM31	36
Total Nacional	34 Palencia	Dato base	2007SM30	36
Total Nacional	34 Palencia	Dato base	2007SM29	34
Total Nacional	34 Palencia	Dato base	2007SM28	43
Total Nacional	34 Palencia	Dato base	2007SM27	37
Total Nacional	34 Palencia	Dato base	2007SM26	24
Total Nacional	34 Palencia	Dato base	2007SM25	38
Total Nacional	34 Palencia	Dato base	2007SM24	46
Total Nacional	34 Palencia	Dato base	2007SM23	29
Total Nacional	34 Palencia	Dato base	2007SM22	35
Total Nacional	34 Palencia	Dato base	2007SM21	39
Total Nacional	34 Palencia	Dato base	2007SM20	44
Total Nacional	34 Palencia	Dato base	2007SM19	46
Total Nacional	34 Palencia	Dato base	2007SM18	43
Total Nacional	34 Palencia	Dato base	2007SM17	26
Total Nacional	34 Palencia	Dato base	2007SM16	38
Total Nacional	34 Palencia	Dato base	2007SM15	43
Total Nacional	34 Palencia	Dato base	2007SM14	30
Total Nacional	34 Palencia	Dato base	2007SM13	33
Total Nacional	34 Palencia	Dato base	2007SM12	43
Total Nacional	34 Palencia	Dato base	2007SM11	27
Total Nacional	34 Palencia	Dato base	2007SM10	49
Total Nacional	34 Palencia	Dato base	2007SM09	44
Total Nacional	34 Palencia	Dato base	2007SM08	38
Total Nacional	34 Palencia	Dato base	2007SM07	54
Total Nacional	34 Palencia	Dato base	2007SM06	37
Total Nacional	34 Palencia	Dato base	2007SM05	63
Total Nacional	34 Palencia	Dato base	2007SM04	50
Total Nacional	34 Palencia	Dato base	2007SM03	32
Total Nacional	34 Palencia	Dato base	2007SM02	43
Total Nacional	34 Palencia	Dato base	2007SM01	48
Total Nacional	34 Palencia	Dato base	2006SM52	43
Total Nacional	34 Palencia	Dato base	2006SM51	23
Total Nacional	34 Palencia	Dato base	2006SM50	44
Total Nacional	34 Palencia	Dato base	2006SM49	33
Total Nacional	34 Palencia	Dato base	2006SM48	45
Total Nacional	34 Palencia	Dato base	2006SM47	27
Total Nacional	34 Palencia	Dato base	2006SM46	36
Total Nacional	34 Palencia	Dato base	2006SM45	31
Total Nacional	34 Palencia	Dato base	2006SM44	49
Total Nacional	34 Palencia	Dato base	2006SM43	43
Total Nacional	34 Palencia	Dato base	2006SM42	42
Total Nacional	34 Palencia	Dato base	2006SM41	29
Total Nacional	34 Palencia	Dato base	2006SM40	33
Total Nacional	34 Palencia	Dato base	2006SM39	35
Total Nacional	34 Palencia	Dato base	2006SM38	32
Total Nacional	34 Palencia	Dato base	2006SM37	33
Total Nacional	34 Palencia	Dato base	2006SM36	48
Total Nacional	34 Palencia	Dato base	2006SM35	40
Total Nacional	34 Palencia	Dato base	2006SM34	30
Total Nacional	34 Palencia	Dato base	2006SM33	26
Total Nacional	34 Palencia	Dato base	2006SM32	34
Total Nacional	34 Palencia	Dato base	2006SM31	36
Total Nacional	34 Palencia	Dato base	2006SM30	42
Total Nacional	34 Palencia	Dato base	2006SM29	30
Total Nacional	34 Palencia	Dato base	2006SM28	28
Total Nacional	34 Palencia	Dato base	2006SM27	44
Total Nacional	34 Palencia	Dato base	2006SM26	34
Total Nacional	34 Palencia	Dato base	2006SM25	36
Total Nacional	34 Palencia	Dato base	2006SM24	41
Total Nacional	34 Palencia	Dato base	2006SM23	31
Total Nacional	34 Palencia	Dato base	2006SM22	29
Total Nacional	34 Palencia	Dato base	2006SM21	34
Total Nacional	34 Palencia	Dato base	2006SM20	29
Total Nacional	34 Palencia	Dato base	2006SM19	40
Total Nacional	34 Palencia	Dato base	2006SM18	35
Total Nacional	34 Palencia	Dato base	2006SM17	31
Total Nacional	34 Palencia	Dato base	2006SM16	42
Total Nacional	34 Palencia	Dato base	2006SM15	30
Total Nacional	34 Palencia	Dato base	2006SM14	39
Total Nacional	34 Palencia	Dato base	2006SM13	37
Total Nacional	34 Palencia	Dato base	2006SM12	37
Total Nacional	34 Palencia	Dato base	2006SM11	46
Total Nacional	34 Palencia	Dato base	2006SM10	36
Total Nacional	34 Palencia	Dato base	2006SM09	40
Total Nacional	34 Palencia	Dato base	2006SM08	39
Total Nacional	34 Palencia	Dato base	2006SM07	44
Total Nacional	34 Palencia	Dato base	2006SM06	36
Total Nacional	34 Palencia	Dato base	2006SM05	41
Total Nacional	34 Palencia	Dato base	2006SM04	48
Total Nacional	34 Palencia	Dato base	2006SM03	36
Total Nacional	34 Palencia	Dato base	2006SM02	33
Total Nacional	34 Palencia	Dato base	2006SM01	45
Total Nacional	34 Palencia	Dato base	2005SM52	39
Total Nacional	34 Palencia	Dato base	2005SM51	48
Total Nacional	34 Palencia	Dato base	2005SM50	41
Total Nacional	34 Palencia	Dato base	2005SM49	37
Total Nacional	34 Palencia	Dato base	2005SM48	31
Total Nacional	34 Palencia	Dato base	2005SM47	28
Total Nacional	34 Palencia	Dato base	2005SM46	23
Total Nacional	34 Palencia	Dato base	2005SM45	44
Total Nacional	34 Palencia	Dato base	2005SM44	38
Total Nacional	34 Palencia	Dato base	2005SM43	33
Total Nacional	34 Palencia	Dato base	2005SM42	30
Total Nacional	34 Palencia	Dato base	2005SM41	36
Total Nacional	34 Palencia	Dato base	2005SM40	27
Total Nacional	34 Palencia	Dato base	2005SM39	29
Total Nacional	34 Palencia	Dato base	2005SM38	34
Total Nacional	34 Palencia	Dato base	2005SM37	39
Total Nacional	34 Palencia	Dato base	2005SM36	28
Total Nacional	34 Palencia	Dato base	2005SM35	31
Total Nacional	34 Palencia	Dato base	2005SM34	35
Total Nacional	34 Palencia	Dato base	2005SM33	38
Total Nacional	34 Palencia	Dato base	2005SM32	32
Total Nacional	34 Palencia	Dato base	2005SM31	41
Total Nacional	34 Palencia	Dato base	2005SM30	25
Total Nacional	34 Palencia	Dato base	2005SM29	32
Total Nacional	34 Palencia	Dato base	2005SM28	34
Total Nacional	34 Palencia	Dato base	2005SM27	29
Total Nacional	34 Palencia	Dato base	2005SM26	36
Total Nacional	34 Palencia	Dato base	2005SM25	29
Total Nacional	34 Palencia	Dato base	2005SM24	43
Total Nacional	34 Palencia	Dato base	2005SM23	33
Total Nacional	34 Palencia	Dato base	2005SM22	34
Total Nacional	34 Palencia	Dato base	2005SM21	40
Total Nacional	34 Palencia	Dato base	2005SM20	42
Total Nacional	34 Palencia	Dato base	2005SM19	33
Total Nacional	34 Palencia	Dato base	2005SM18	34
Total Nacional	34 Palencia	Dato base	2005SM17	36
Total Nacional	34 Palencia	Dato base	2005SM16	43
Total Nacional	34 Palencia	Dato base	2005SM15	38
Total Nacional	34 Palencia	Dato base	2005SM14	43
Total Nacional	34 Palencia	Dato base	2005SM13	52
Total Nacional	34 Palencia	Dato base	2005SM12	49
Total Nacional	34 Palencia	Dato base	2005SM11	44
Total Nacional	34 Palencia	Dato base	2005SM10	49
Total Nacional	34 Palencia	Dato base	2005SM09	53
Total Nacional	34 Palencia	Dato base	2005SM08	52
Total Nacional	34 Palencia	Dato base	2005SM07	46
Total Nacional	34 Palencia	Dato base	2005SM06	48
Total Nacional	34 Palencia	Dato base	2005SM05	42
Total Nacional	34 Palencia	Dato base	2005SM04	62
Total Nacional	34 Palencia	Dato base	2005SM03	58
Total Nacional	34 Palencia	Dato base	2005SM02	66
Total Nacional	34 Palencia	Dato base	2005SM01	56
Total Nacional	34 Palencia	Dato base	2004SM53	62
Total Nacional	34 Palencia	Dato base	2004SM52	37
Total Nacional	34 Palencia	Dato base	2004SM51	44
Total Nacional	34 Palencia	Dato base	2004SM50	42
Total Nacional	34 Palencia	Dato base	2004SM49	44
Total Nacional	34 Palencia	Dato base	2004SM48	33
Total Nacional	34 Palencia	Dato base	2004SM47	37
Total Nacional	34 Palencia	Dato base	2004SM46	36
Total Nacional	34 Palencia	Dato base	2004SM45	34
Total Nacional	34 Palencia	Dato base	2004SM44	34
Total Nacional	34 Palencia	Dato base	2004SM43	47
Total Nacional	34 Palencia	Dato base	2004SM42	34
Total Nacional	34 Palencia	Dato base	2004SM41	49
Total Nacional	34 Palencia	Dato base	2004SM40	33
Total Nacional	34 Palencia	Dato base	2004SM39	31
Total Nacional	34 Palencia	Dato base	2004SM38	30
Total Nacional	34 Palencia	Dato base	2004SM37	39
Total Nacional	34 Palencia	Dato base	2004SM36	27
Total Nacional	34 Palencia	Dato base	2004SM35	28
Total Nacional	34 Palencia	Dato base	2004SM34	23
Total Nacional	34 Palencia	Dato base	2004SM33	39
Total Nacional	34 Palencia	Dato base	2004SM32	33
Total Nacional	34 Palencia	Dato base	2004SM31	28
Total Nacional	34 Palencia	Dato base	2004SM30	25
Total Nacional	34 Palencia	Dato base	2004SM29	38
Total Nacional	34 Palencia	Dato base	2004SM28	34
Total Nacional	34 Palencia	Dato base	2004SM27	44
Total Nacional	34 Palencia	Dato base	2004SM26	32
Total Nacional	34 Palencia	Dato base	2004SM25	24
Total Nacional	34 Palencia	Dato base	2004SM24	29
Total Nacional	34 Palencia	Dato base	2004SM23	28
Total Nacional	34 Palencia	Dato base	2004SM22	38
Total Nacional	34 Palencia	Dato base	2004SM21	37
Total Nacional	34 Palencia	Dato base	2004SM20	36
Total Nacional	34 Palencia	Dato base	2004SM19	35
Total Nacional	34 Palencia	Dato base	2004SM18	52
Total Nacional	34 Palencia	Dato base	2004SM17	38
Total Nacional	34 Palencia	Dato base	2004SM16	28
Total Nacional	34 Palencia	Dato base	2004SM15	33
Total Nacional	34 Palencia	Dato base	2004SM14	34
Total Nacional	34 Palencia	Dato base	2004SM13	50
Total Nacional	34 Palencia	Dato base	2004SM12	37
Total Nacional	34 Palencia	Dato base	2004SM11	39
Total Nacional	34 Palencia	Dato base	2004SM10	38
Total Nacional	34 Palencia	Dato base	2004SM09	47
Total Nacional	34 Palencia	Dato base	2004SM08	47
Total Nacional	34 Palencia	Dato base	2004SM07	31
Total Nacional	34 Palencia	Dato base	2004SM06	46
Total Nacional	34 Palencia	Dato base	2004SM05	44
Total Nacional	34 Palencia	Dato base	2004SM04	47
Total Nacional	34 Palencia	Dato base	2004SM03	47
Total Nacional	34 Palencia	Dato base	2004SM02	32
Total Nacional	34 Palencia	Dato base	2004SM01	35
Total Nacional	34 Palencia	Dato base	2003SM52	32
Total Nacional	34 Palencia	Dato base	2003SM51	36
Total Nacional	34 Palencia	Dato base	2003SM50	33
Total Nacional	34 Palencia	Dato base	2003SM49	44
Total Nacional	34 Palencia	Dato base	2003SM48	55
Total Nacional	34 Palencia	Dato base	2003SM47	39
Total Nacional	34 Palencia	Dato base	2003SM46	59
Total Nacional	34 Palencia	Dato base	2003SM45	41
Total Nacional	34 Palencia	Dato base	2003SM44	46
Total Nacional	34 Palencia	Dato base	2003SM43	31
Total Nacional	34 Palencia	Dato base	2003SM42	31
Total Nacional	34 Palencia	Dato base	2003SM41	48
Total Nacional	34 Palencia	Dato base	2003SM40	43
Total Nacional	34 Palencia	Dato base	2003SM39	26
Total Nacional	34 Palencia	Dato base	2003SM38	35
Total Nacional	34 Palencia	Dato base	2003SM37	35
Total Nacional	34 Palencia	Dato base	2003SM36	36
Total Nacional	34 Palencia	Dato base	2003SM35	30
Total Nacional	34 Palencia	Dato base	2003SM34	34
Total Nacional	34 Palencia	Dato base	2003SM33	50
Total Nacional	34 Palencia	Dato base	2003SM32	38
Total Nacional	34 Palencia	Dato base	2003SM31	45
Total Nacional	34 Palencia	Dato base	2003SM30	53
Total Nacional	34 Palencia	Dato base	2003SM29	36
Total Nacional	34 Palencia	Dato base	2003SM28	39
Total Nacional	34 Palencia	Dato base	2003SM27	37
Total Nacional	34 Palencia	Dato base	2003SM26	38
Total Nacional	34 Palencia	Dato base	2003SM25	40
Total Nacional	34 Palencia	Dato base	2003SM24	35
Total Nacional	34 Palencia	Dato base	2003SM23	26
Total Nacional	34 Palencia	Dato base	2003SM22	28
Total Nacional	34 Palencia	Dato base	2003SM21	39
Total Nacional	34 Palencia	Dato base	2003SM20	31
Total Nacional	34 Palencia	Dato base	2003SM19	43
Total Nacional	34 Palencia	Dato base	2003SM18	38
Total Nacional	34 Palencia	Dato base	2003SM17	33
Total Nacional	34 Palencia	Dato base	2003SM16	41
Total Nacional	34 Palencia	Dato base	2003SM15	39
Total Nacional	34 Palencia	Dato base	2003SM14	36
Total Nacional	34 Palencia	Dato base	2003SM13	39
Total Nacional	34 Palencia	Dato base	2003SM12	40
Total Nacional	34 Palencia	Dato base	2003SM11	44
Total Nacional	34 Palencia	Dato base	2003SM10	34
Total Nacional	34 Palencia	Dato base	2003SM09	34
Total Nacional	34 Palencia	Dato base	2003SM08	43
Total Nacional	34 Palencia	Dato base	2003SM07	41
Total Nacional	34 Palencia	Dato base	2003SM06	48
Total Nacional	34 Palencia	Dato base	2003SM05	36
Total Nacional	34 Palencia	Dato base	2003SM04	44
Total Nacional	34 Palencia	Dato base	2003SM03	45
Total Nacional	34 Palencia	Dato base	2003SM02	27
Total Nacional	34 Palencia	Dato base	2003SM01	38
Total Nacional	34 Palencia	Dato base	2002SM52	40
Total Nacional	34 Palencia	Dato base	2002SM51	47
Total Nacional	34 Palencia	Dato base	2002SM50	33
Total Nacional	34 Palencia	Dato base	2002SM49	28
Total Nacional	34 Palencia	Dato base	2002SM48	41
Total Nacional	34 Palencia	Dato base	2002SM47	31
Total Nacional	34 Palencia	Dato base	2002SM46	35
Total Nacional	34 Palencia	Dato base	2002SM45	39
Total Nacional	34 Palencia	Dato base	2002SM44	33
Total Nacional	34 Palencia	Dato base	2002SM43	35
Total Nacional	34 Palencia	Dato base	2002SM42	35
Total Nacional	34 Palencia	Dato base	2002SM41	30
Total Nacional	34 Palencia	Dato base	2002SM40	40
Total Nacional	34 Palencia	Dato base	2002SM39	28
Total Nacional	34 Palencia	Dato base	2002SM38	33
Total Nacional	34 Palencia	Dato base	2002SM37	30
Total Nacional	34 Palencia	Dato base	2002SM36	39
Total Nacional	34 Palencia	Dato base	2002SM35	35
Total Nacional	34 Palencia	Dato base	2002SM34	32
Total Nacional	34 Palencia	Dato base	2002SM33	33
Total Nacional	34 Palencia	Dato base	2002SM32	34
Total Nacional	34 Palencia	Dato base	2002SM31	33
Total Nacional	34 Palencia	Dato base	2002SM30	38
Total Nacional	34 Palencia	Dato base	2002SM29	33
Total Nacional	34 Palencia	Dato base	2002SM28	26
Total Nacional	34 Palencia	Dato base	2002SM27	40
Total Nacional	34 Palencia	Dato base	2002SM26	33
Total Nacional	34 Palencia	Dato base	2002SM25	44
Total Nacional	34 Palencia	Dato base	2002SM24	33
Total Nacional	34 Palencia	Dato base	2002SM23	25
Total Nacional	34 Palencia	Dato base	2002SM22	27
Total Nacional	34 Palencia	Dato base	2002SM21	44
Total Nacional	34 Palencia	Dato base	2002SM20	31
Total Nacional	34 Palencia	Dato base	2002SM19	35
Total Nacional	34 Palencia	Dato base	2002SM18	38
Total Nacional	34 Palencia	Dato base	2002SM17	40
Total Nacional	34 Palencia	Dato base	2002SM16	35
Total Nacional	34 Palencia	Dato base	2002SM15	48
Total Nacional	34 Palencia	Dato base	2002SM14	39
Total Nacional	34 Palencia	Dato base	2002SM13	27
Total Nacional	34 Palencia	Dato base	2002SM12	34
Total Nacional	34 Palencia	Dato base	2002SM11	24
Total Nacional	34 Palencia	Dato base	2002SM10	43
Total Nacional	34 Palencia	Dato base	2002SM09	33
Total Nacional	34 Palencia	Dato base	2002SM08	36
Total Nacional	34 Palencia	Dato base	2002SM07	34
Total Nacional	34 Palencia	Dato base	2002SM06	38
Total Nacional	34 Palencia	Dato base	2002SM05	54
Total Nacional	34 Palencia	Dato base	2002SM04	43
Total Nacional	34 Palencia	Dato base	2002SM03	61
Total Nacional	34 Palencia	Dato base	2002SM02	43
Total Nacional	34 Palencia	Dato base	2002SM01	54
Total Nacional	34 Palencia	Dato base	2001SM52	60
Total Nacional	34 Palencia	Dato base	2001SM51	40
Total Nacional	34 Palencia	Dato base	2001SM50	38
Total Nacional	34 Palencia	Dato base	2001SM49	46
Total Nacional	34 Palencia	Dato base	2001SM48	44
Total Nacional	34 Palencia	Dato base	2001SM47	39
Total Nacional	34 Palencia	Dato base	2001SM46	42
Total Nacional	34 Palencia	Dato base	2001SM45	36
Total Nacional	34 Palencia	Dato base	2001SM44	41
Total Nacional	34 Palencia	Dato base	2001SM43	45
Total Nacional	34 Palencia	Dato base	2001SM42	36
Total Nacional	34 Palencia	Dato base	2001SM41	44
Total Nacional	34 Palencia	Dato base	2001SM40	36
Total Nacional	34 Palencia	Dato base	2001SM39	36
Total Nacional	34 Palencia	Dato base	2001SM38	39
Total Nacional	34 Palencia	Dato base	2001SM37	31
Total Nacional	34 Palencia	Dato base	2001SM36	24
Total Nacional	34 Palencia	Dato base	2001SM35	32
Total Nacional	34 Palencia	Dato base	2001SM34	26
Total Nacional	34 Palencia	Dato base	2001SM33	40
Total Nacional	34 Palencia	Dato base	2001SM32	32
Total Nacional	34 Palencia	Dato base	2001SM31	30
Total Nacional	34 Palencia	Dato base	2001SM30	34
Total Nacional	34 Palencia	Dato base	2001SM29	39
Total Nacional	34 Palencia	Dato base	2001SM28	29
Total Nacional	34 Palencia	Dato base	2001SM27	26
Total Nacional	34 Palencia	Dato base	2001SM26	37
Total Nacional	34 Palencia	Dato base	2001SM25	42
Total Nacional	34 Palencia	Dato base	2001SM24	45
Total Nacional	34 Palencia	Dato base	2001SM23	29
Total Nacional	34 Palencia	Dato base	2001SM22	34
Total Nacional	34 Palencia	Dato base	2001SM21	34
Total Nacional	34 Palencia	Dato base	2001SM20	32
Total Nacional	34 Palencia	Dato base	2001SM19	36
Total Nacional	34 Palencia	Dato base	2001SM18	32
Total Nacional	34 Palencia	Dato base	2001SM17	27
Total Nacional	34 Palencia	Dato base	2001SM16	41
Total Nacional	34 Palencia	Dato base	2001SM15	39
Total Nacional	34 Palencia	Dato base	2001SM14	36
Total Nacional	34 Palencia	Dato base	2001SM13	32
Total Nacional	34 Palencia	Dato base	2001SM12	36
Total Nacional	34 Palencia	Dato base	2001SM11	38
Total Nacional	34 Palencia	Dato base	2001SM10	33
Total Nacional	34 Palencia	Dato base	2001SM09	34
Total Nacional	34 Palencia	Dato base	2001SM08	38
Total Nacional	34 Palencia	Dato base	2001SM07	30
Total Nacional	34 Palencia	Dato base	2001SM06	32
Total Nacional	34 Palencia	Dato base	2001SM05	41
Total Nacional	34 Palencia	Dato base	2001SM04	43
Total Nacional	34 Palencia	Dato base	2001SM03	41
Total Nacional	34 Palencia	Dato base	2001SM02	43
Total Nacional	34 Palencia	Dato base	2001SM01	46
Total Nacional	34 Palencia	Dato base	2000SM52	44
Total Nacional	34 Palencia	Dato base	2000SM51	39
Total Nacional	34 Palencia	Dato base	2000SM50	43
Total Nacional	34 Palencia	Dato base	2000SM49	36
Total Nacional	34 Palencia	Dato base	2000SM48	32
Total Nacional	34 Palencia	Dato base	2000SM47	42
Total Nacional	34 Palencia	Dato base	2000SM46	45
Total Nacional	34 Palencia	Dato base	2000SM45	46
Total Nacional	34 Palencia	Dato base	2000SM44	27
Total Nacional	34 Palencia	Dato base	2000SM43	31
Total Nacional	34 Palencia	Dato base	2000SM42	46
Total Nacional	34 Palencia	Dato base	2000SM41	46
Total Nacional	34 Palencia	Dato base	2000SM40	34
Total Nacional	34 Palencia	Dato base	2000SM39	40
Total Nacional	34 Palencia	Dato base	2000SM38	29
Total Nacional	34 Palencia	Dato base	2000SM37	37
Total Nacional	34 Palencia	Dato base	2000SM36	31
Total Nacional	34 Palencia	Dato base	2000SM35	26
Total Nacional	34 Palencia	Dato base	2000SM34	35
Total Nacional	34 Palencia	Dato base	2000SM33	30
Total Nacional	34 Palencia	Dato base	2000SM32	25
Total Nacional	34 Palencia	Dato base	2000SM31	36
Total Nacional	34 Palencia	Dato base	2000SM30	36
Total Nacional	34 Palencia	Dato base	2000SM29	33
Total Nacional	34 Palencia	Dato base	2000SM28	23
Total Nacional	34 Palencia	Dato base	2000SM27	37
Total Nacional	34 Palencia	Dato base	2000SM26	49
Total Nacional	34 Palencia	Dato base	2000SM25	41
Total Nacional	34 Palencia	Dato base	2000SM24	35
Total Nacional	34 Palencia	Dato base	2000SM23	31
Total Nacional	34 Palencia	Dato base	2000SM22	33
Total Nacional	34 Palencia	Dato base	2000SM21	33
Total Nacional	34 Palencia	Dato base	2000SM20	36
Total Nacional	34 Palencia	Dato base	2000SM19	39
Total Nacional	34 Palencia	Dato base	2000SM18	35
Total Nacional	34 Palencia	Dato base	2000SM17	40
Total Nacional	34 Palencia	Dato base	2000SM16	42
Total Nacional	34 Palencia	Dato base	2000SM15	43
Total Nacional	34 Palencia	Dato base	2000SM14	35
Total Nacional	34 Palencia	Dato base	2000SM13	49
Total Nacional	34 Palencia	Dato base	2000SM12	35
Total Nacional	34 Palencia	Dato base	2000SM11	38
Total Nacional	34 Palencia	Dato base	2000SM10	43
Total Nacional	34 Palencia	Dato base	2000SM09	39
Total Nacional	34 Palencia	Dato base	2000SM08	32
Total Nacional	34 Palencia	Dato base	2000SM07	34
Total Nacional	34 Palencia	Dato base	2000SM06	36
Total Nacional	34 Palencia	Dato base	2000SM05	42
Total Nacional	34 Palencia	Dato base	2000SM04	53
Total Nacional	34 Palencia	Dato base	2000SM03	61
Total Nacional	34 Palencia	Dato base	2000SM02	43
Total Nacional	34 Palencia	Dato base	2000SM01	56
